2002|Grp. A|253|27765|2002-01-19T16:10Z|6|FT|1469|Mali|962|Liberia|1|1|||||0|0|0|0|1
2002|Grp. A|253|27861|2002-01-21T16:00Z|6|FT|966|Algeria|977|Nigeria|0|1|||||0|0|0|0|1
2002|Grp. A|253|27936|2002-01-24T19:00Z|6|FT|1469|Mali|977|Nigeria|0|0|||||0|0|0|0|0
2002|Grp. A|253|27955|2002-01-25T19:30Z|6|FT|962|Liberia|966|Algeria|2|2|||||0|0|0|0|1
2002|Grp. A|253|28116|2002-01-28T18:00Z|6|FT|962|Liberia|977|Nigeria|0|1|||||0|0|0|0|1
2002|Grp. A|253|28117|2002-01-28T18:00Z|6|FT|1469|Mali|966|Algeria|2|0|||||0|0|0|0|1
2002|Grp. B|7620|27855|2002-01-20T19:30Z|6|FT|485|South Africa|955|Burkina Faso|0|0|||||1|0|0|0|0
2002|Grp. B|7620|27860|2002-01-21T16:00Z|6|FT|495|Morocco|965|Ghana|0|0|||||0|0|0|0|0
2002|Grp. B|7620|27934|2002-01-24T16:00Z|6|FT|485|South Africa|965|Ghana|0|0|||||0|0|0|0|0
2002|Grp. B|7620|28011|2002-01-26T15:30Z|6|FT|955|Burkina Faso|495|Morocco|1|2|||||0|0|0|0|1
2002|Grp. B|7620|28152|2002-01-30T16:00Z|6|FT|485|South Africa|495|Morocco|3|1|||||0|0|0|0|1
2002|Grp. B|7620|28153|2002-01-30T16:00Z|6|FT|955|Burkina Faso|965|Ghana|1|2|||||0|0|0|0|1
2002|Grp. C|7621|27849|2002-01-20T17:30Z|6|FT|863|Cameroon|960|DR Congo|1|0|||||0|0|0|0|1
2002|Grp. C|7621|27866|2002-01-21T18:00Z|6|FT|953|Togo|973|Ivory Coast|0|0|||||0|0|0|0|0
2002|Grp. C|7621|27952|2002-01-25T17:30Z|6|FT|863|Cameroon|973|Ivory Coast|1|0|||||0|0|0|0|1
2002|Grp. C|7621|28027|2002-01-26T17:30Z|6|FT|960|DR Congo|953|Togo|0|0|||||0|0|0|0|0
2002|Grp. C|7621|28119|2002-01-29T16:00Z|6|FT|960|DR Congo|973|Ivory Coast|3|1|||||0|0|2|0|1
2002|Grp. C|7621|28120|2002-01-29T16:00Z|6|FT|863|Cameroon|953|Togo|3|0|||||1|0|0|0|1
2002|Grp. D|7622|27843|2002-01-20T15:30Z|6|FT|944|Egypt|957|Senegal|0|1|||||0|0|0|0|1
2002|Grp. D|7622|27867|2002-01-21T19:00Z|6|FT|961|Zambia|959|Tunisia|0|0|||||0|0|0|0|0
2002|Grp. D|7622|27941|2002-01-25T15:30Z|6|FT|944|Egypt|959|Tunisia|1|0|||||0|0|0|0|1
2002|Grp. D|7622|28038|2002-01-26T19:30Z|6|FT|957|Senegal|961|Zambia|1|0|||||0|0|0|0|1
2002|Grp. D|7622|28194|2002-01-31T16:00Z|6|FT|944|Egypt|961|Zambia|2|1|||||0|0|0|0|1
2002|Grp. D|7622|28195|2002-01-31T16:00Z|6|FT|957|Senegal|959|Tunisia|0|0|||||0|0|0|0|0
2002|bronze match|258|28641|2002-02-09T16:00Z|6|FT|1469|Mali|977|Nigeria|0|1|||||0|0|1|0|1
2002|final|259|28737|2002-02-10T16:00Z|6|PEN|863|Cameroon|957|Senegal|0|0|0|0|3|2|3|0|2|0|0
2002|quarter finals|254|28397|2002-02-03T16:00Z|6|FT|485|South Africa|1469|Mali|0|2|||||0|0|0|0|1
2002|quarter finals|254|28402|2002-02-03T19:00Z|6|FT|977|Nigeria|965|Ghana|1|0|||||1|0|0|0|1
2002|quarter finals|254|28412|2002-02-04T16:00Z|6|FT|863|Cameroon|944|Egypt|1|0|||||2|0|1|0|1
2002|quarter finals|254|28413|2002-02-04T19:00Z|6|FT|957|Senegal|960|DR Congo|2|0|||||1|0|3|0|1
2002|semi finals|256|28522|2002-02-07T16:00Z|6|PEN|977|Nigeria|957|Senegal|1|2|1|2|||2|2|2|1|1
2002|semi finals|256|28530|2002-02-07T19:00Z|6|FT|1469|Mali|863|Cameroon|0|3|||||1|0|1|0|1
2004|Grp. A|607|67568|2004-01-24T18:30Z|6|FT|959|Tunisia|2344|Rwanda|2|1|||||0|1|0|1|1
2004|Grp. A|607|67601|2004-01-25T13:00Z|6|FT|2345|Guinea|960|DR Congo|2|1|||||0|0|0|0|1
2004|Grp. A|607|67692|2004-01-28T13:00Z|6|FT|2344|Rwanda|2345|Guinea|1|1|||||0|0|0|0|1
2004|Grp. A|607|67697|2004-01-28T15:15Z|6|FT|959|Tunisia|960|DR Congo|3|0|||||0|0|0|1|1
2004|Grp. A|607|67910|2004-02-01T13:00Z|6|FT|2344|Rwanda|960|DR Congo|1|0|||||0|0|0|0|1
2004|Grp. A|607|67911|2004-02-01T13:00Z|6|FT|959|Tunisia|2345|Guinea|1|1|||||0|0|0|0|1
2004|Grp. B|609|67671|2004-01-26T13:00Z|6|FT|1469|Mali|2346|Kenya|3|1|||||0|0|0|0|1
2004|Grp. B|609|67674|2004-01-26T18:00Z|6|FT|957|Senegal|955|Burkina Faso|0|0|||||1|0|0|0|0
2004|Grp. B|609|67716|2004-01-30T13:00Z|6|FT|957|Senegal|2346|Kenya|3|0|||||0|0|0|0|1
2004|Grp. B|609|67717|2004-01-30T18:00Z|6|FT|955|Burkina Faso|1469|Mali|1|3|||||0|0|0|0|1
2004|Grp. B|609|67957|2004-02-02T13:00Z|6|FT|955|Burkina Faso|2346|Kenya|0|3|||||0|1|0|0|1
2004|Grp. B|609|67958|2004-02-02T13:00Z|6|FT|957|Senegal|1469|Mali|1|1|||||0|0|0|0|1
2004|Grp. C|608|67636|2004-01-25T15:30Z|6|FT|944|Egypt|956|Zimbabwe|2|1|||||0|0|0|0|1
2004|Grp. C|608|67667|2004-01-25T18:00Z|6|FT|863|Cameroon|966|Algeria|1|1|||||0|0|0|0|1
2004|Grp. C|608|67712|2004-01-29T15:30Z|6|FT|863|Cameroon|956|Zimbabwe|5|3|||||0|0|0|0|1
2004|Grp. C|608|67714|2004-01-29T18:00Z|6|FT|966|Algeria|944|Egypt|2|1|||||0|1|0|0|1
2004|Grp. C|608|67965|2004-02-03T13:00Z|6|FT|863|Cameroon|944|Egypt|0|0|||||0|0|0|0|0
2004|Grp. C|608|67966|2004-02-03T13:00Z|6|FT|966|Algeria|956|Zimbabwe|1|2|||||0|0|0|0|1
2004|Grp. D|610|67677|2004-01-27T13:00Z|6|FT|977|Nigeria|495|Morocco|0|1|||||0|0|0|0|1
2004|Grp. D|610|67678|2004-01-27T17:00Z|6|FT|485|South Africa|2347|Benin|2|0|||||0|0|0|0|1
2004|Grp. D|610|67752|2004-01-31T13:00Z|6|FT|977|Nigeria|485|South Africa|4|0|||||0|0|0|0|1
2004|Grp. D|610|67806|2004-01-31T17:00Z|6|FT|495|Morocco|2347|Benin|4|0|||||0|0|0|0|1
2004|Grp. D|610|67983|2004-02-04T17:00Z|6|FT|977|Nigeria|2347|Benin|2|1|||||0|0|0|0|1
2004|Grp. D|610|67984|2004-02-04T17:00Z|6|FT|495|Morocco|485|South Africa|1|1|||||0|0|0|0|1
2004|bronze match|615|68366|2004-02-13T13:00Z|6|FT|977|Nigeria|1469|Mali|2|1|||||0|0|0|0|1
2004|final|617|68472|2004-02-14T14:00Z|6|FT|959|Tunisia|495|Morocco|2|1|||||0|0|0|0|1
2004|quarter finals|613|68036|2004-02-07T13:00Z|6|FT|1469|Mali|2345|Guinea|2|1|||||0|0|0|0|1
2004|quarter finals|613|68126|2004-02-07T16:00Z|6|FT|959|Tunisia|957|Senegal|1|0|||||0|0|0|0|1
2004|quarter finals|613|68198|2004-02-08T13:00Z|6|FT|863|Cameroon|977|Nigeria|1|2|||||0|0|0|0|1
2004|quarter finals|613|68276|2004-02-08T16:00Z|6|PEN|495|Morocco|966|Algeria|3|1|3|1|||0|0|0|0|1
2004|semi finals|614|68323|2004-02-11T15:00Z|6|PEN|959|Tunisia|977|Nigeria|1|1|1|1|5|3|0|0|0|0|1
2004|semi finals|614|68329|2004-02-11T18:00Z|6|FT|495|Morocco|1469|Mali|4|0|||||0|0|0|0|1
2006|Grp. A|1321|130019|2006-01-20T17:00Z|6|FT|944|Egypt|952|Libya|3|0|||||0|0|0|1|1
2006|Grp. A|1321|130059|2006-01-21T12:00Z|6|FT|495|Morocco|973|Ivory Coast|0|1|||||0|0|0|0|1
2006|Grp. A|1321|130317|2006-01-24T15:15Z|6|FT|952|Libya|973|Ivory Coast|1|2|||||0|0|0|0|1
2006|Grp. A|1321|130320|2006-01-24T18:00Z|6|FT|944|Egypt|495|Morocco|0|0|||||0|0|0|0|0
2006|Grp. A|1321|130514|2006-01-28T17:00Z|6|FT|944|Egypt|973|Ivory Coast|3|1|||||0|0|0|0|1
2006|Grp. A|1321|130515|2006-01-28T17:00Z|6|FT|952|Libya|495|Morocco|0|0|||||0|0|0|0|0
2006|Grp. B|1323|130163|2006-01-21T15:15Z|6|FT|863|Cameroon|978|Angola|3|1|||||0|0|0|0|1
2006|Grp. B|1323|130191|2006-01-21T18:00Z|6|FT|953|Togo|960|DR Congo|0|2|||||0|0|0|0|1
2006|Grp. B|1323|130343|2006-01-25T15:15Z|6|FT|978|Angola|960|DR Congo|0|0|||||0|0|0|1|1
2006|Grp. B|1323|130348|2006-01-25T18:00Z|6|FT|863|Cameroon|953|Togo|2|0|||||0|0|0|0|1
2006|Grp. B|1323|130630|2006-01-29T17:00Z|6|FT|978|Angola|953|Togo|3|2|||||0|0|0|1|1
2006|Grp. B|1323|130631|2006-01-29T17:00Z|6|FT|863|Cameroon|960|DR Congo|2|0|||||0|1|0|0|1
2006|Grp. C|1324|130277|2006-01-22T15:15Z|6|FT|959|Tunisia|961|Zambia|4|1|||||0|0|0|0|1
2006|Grp. C|1324|130298|2006-01-22T18:00Z|6|FT|485|South Africa|2345|Guinea|0|2|||||0|0|0|0|1
2006|Grp. C|1324|130364|2006-01-26T15:15Z|6|FT|961|Zambia|2345|Guinea|1|2|||||0|0|0|0|1
2006|Grp. C|1324|130365|2006-01-26T18:00Z|6|FT|959|Tunisia|485|South Africa|2|0|||||0|0|0|0|1
2006|Grp. C|1324|130654|2006-01-30T17:00Z|6|FT|961|Zambia|485|South Africa|1|0|||||0|0|0|0|1
2006|Grp. C|1324|130655|2006-01-30T17:00Z|6|FT|959|Tunisia|2345|Guinea|0|3|||||0|1|0|0|1
2006|Grp. D|1325|130306|2006-01-23T15:15Z|6|FT|977|Nigeria|965|Ghana|1|0|||||0|0|0|0|1
2006|Grp. D|1325|130308|2006-01-23T18:00Z|6|FT|956|Zimbabwe|957|Senegal|0|2|||||0|0|0|0|1
2006|Grp. D|1325|130373|2006-01-27T15:15Z|6|FT|965|Ghana|957|Senegal|1|0|||||0|1|0|1|1
2006|Grp. D|1325|130375|2006-01-27T18:00Z|6|FT|977|Nigeria|956|Zimbabwe|2|0|||||0|0|0|0|1
2006|Grp. D|1325|130664|2006-01-31T17:00Z|6|FT|965|Ghana|956|Zimbabwe|1|2|||||0|0|0|0|1
2006|Grp. D|1325|130665|2006-01-31T17:00Z|6|FT|977|Nigeria|957|Senegal|2|1|||||0|0|0|0|1
2006|bronze match|1340|131170|2006-02-09T16:00Z|6|FT|957|Senegal|977|Nigeria|0|1|||||0|0|0|0|1
2006|final|1344|131183|2006-02-10T16:00Z|6|PEN|944|Egypt|973|Ivory Coast|0|0|0|0|4|2|0|0|0|0|0
2006|quarter finals|1331|130755|2006-02-03T13:00Z|6|FT|2345|Guinea|957|Senegal|2|3|||||0|0|0|0|1
2006|quarter finals|1331|130757|2006-02-03T17:00Z|6|FT|944|Egypt|960|DR Congo|4|1|||||0|0|0|0|1
2006|quarter finals|1331|130795|2006-02-04T13:00Z|6|PEN|977|Nigeria|959|Tunisia|1|1|1|1|6|5|0|0|0|0|1
2006|quarter finals|1331|130897|2006-02-04T17:00Z|6|PEN|863|Cameroon|973|Ivory Coast|1|1|1|1|11|12|0|0|0|0|1
2006|semi finals|1334|131081|2006-02-07T13:00Z|6|FT|973|Ivory Coast|977|Nigeria|1|0|||||0|0|0|0|1
2006|semi finals|1334|131084|2006-02-07T17:00Z|6|FT|944|Egypt|957|Senegal|2|1|||||0|0|0|0|1
2008|Grp. A|2208|216125|2008-01-20T17:00Z|6|FT|965|Ghana|2345|Guinea|2|1|||||0|0|0|0|1
2008|Grp. A|2208|216161|2008-01-21T15:00Z|6|FT|954|Namibia|495|Morocco|1|5|||||0|0|0|0|1
2008|Grp. A|2208|216297|2008-01-24T17:00Z|6|FT|2345|Guinea|495|Morocco|3|2|||||0|1|0|0|1
2008|Grp. A|2208|216305|2008-01-24T19:30Z|6|FT|965|Ghana|954|Namibia|1|0|||||0|0|0|0|1
2008|Grp. A|2208|216721|2008-01-28T17:00Z|6|FT|965|Ghana|495|Morocco|2|0|||||0|0|0|0|1
2008|Grp. A|2208|216722|2008-01-28T17:00Z|6|FT|2345|Guinea|954|Namibia|1|1|||||0|0|0|0|1
2008|Grp. B|2210|216164|2008-01-21T17:00Z|6|FT|977|Nigeria|973|Ivory Coast|0|1|||||0|0|0|0|1
2008|Grp. B|2210|216170|2008-01-21T19:45Z|6|FT|1469|Mali|2347|Benin|1|0|||||0|0|0|0|1
2008|Grp. B|2210|216336|2008-01-25T17:00Z|6|FT|973|Ivory Coast|2347|Benin|4|1|||||0|0|0|0|1
2008|Grp. B|2210|216368|2008-01-25T19:30Z|6|FT|977|Nigeria|1469|Mali|0|0|||||0|0|0|0|0
2008|Grp. B|2210|216741|2008-01-29T17:00Z|6|FT|977|Nigeria|2347|Benin|2|0|||||0|0|0|0|1
2008|Grp. B|2210|216742|2008-01-29T17:00Z|6|FT|973|Ivory Coast|1469|Mali|3|0|||||0|0|0|0|1
2008|Grp. C|2211|216192|2008-01-22T17:00Z|6|FT|944|Egypt|863|Cameroon|4|2|||||0|0|0|0|1
2008|Grp. C|2211|216221|2008-01-22T19:30Z|6|FT|964|Sudan|961|Zambia|0|3|||||0|0|0|0|1
2008|Grp. C|2211|216514|2008-01-26T17:00Z|6|FT|863|Cameroon|961|Zambia|5|1|||||0|0|0|0|1
2008|Grp. C|2211|216542|2008-01-26T19:30Z|6|FT|944|Egypt|964|Sudan|3|0|||||0|0|0|0|1
2008|Grp. C|2211|216809|2008-01-30T17:00Z|6|FT|944|Egypt|961|Zambia|1|1|||||0|0|0|0|1
2008|Grp. C|2211|216810|2008-01-30T17:00Z|6|FT|863|Cameroon|964|Sudan|3|0|||||0|0|0|0|1
2008|Grp. D|2212|216243|2008-01-23T17:00Z|6|FT|959|Tunisia|957|Senegal|2|2|||||0|0|0|0|1
2008|Grp. D|2212|216273|2008-01-23T19:30Z|6|FT|485|South Africa|978|Angola|1|1|||||0|0|0|0|1
2008|Grp. D|2212|216680|2008-01-27T17:00Z|6|FT|957|Senegal|978|Angola|1|3|||||0|0|0|0|1
2008|Grp. D|2212|216696|2008-01-27T19:30Z|6|FT|959|Tunisia|485|South Africa|3|1|||||0|0|0|0|1
2008|Grp. D|2212|216877|2008-01-31T17:00Z|6|FT|959|Tunisia|978|Angola|0|0|||||0|0|0|0|0
2008|Grp. D|2212|216878|2008-01-31T17:00Z|6|FT|957|Senegal|485|South Africa|1|1|||||0|0|0|0|1
2008|bronze match|2228|217579|2008-02-09T17:00Z|6|FT|965|Ghana|973|Ivory Coast|4|2|||||0|0|0|0|1
2008|final|2230|217795|2008-02-10T17:00Z|6|FT|863|Cameroon|944|Egypt|0|1|||||2|0|1|0|1
2008|quarter finals|2219|217220|2008-02-03T17:00Z|6|FT|965|Ghana|977|Nigeria|2|1|||||0|1|0|0|1
2008|quarter finals|2219|217248|2008-02-03T20:30Z|6|FT|973|Ivory Coast|2345|Guinea|5|0|||||0|0|0|0|1
2008|quarter finals|2219|217260|2008-02-04T17:00Z|6|FT|944|Egypt|978|Angola|2|1|||||0|0|0|0|1
2008|quarter finals|2219|217267|2008-02-04T20:30Z|6|PEN|959|Tunisia|863|Cameroon|2|3|2|3|||0|0|0|0|1
2008|semi finals|2225|217365|2008-02-07T17:00Z|6|FT|965|Ghana|863|Cameroon|0|1|||||0|0|1|1|1
2008|semi finals|2225|217369|2008-02-07T20:30Z|6|FT|973|Ivory Coast|944|Egypt|1|4|||||0|0|0|0|1
2010|Grp. A|3493|363487|2010-01-10T19:00Z|6|FT|978|Angola|1469|Mali|4|4|||||2|0|4|0|1
2010|Grp. A|3493|363488|2010-01-11T13:45Z|6|FT|958|Malawi|966|Algeria|3|0|||||1|0|1|0|1
2010|Grp. A|3493|363495|2010-01-14T16:00Z|6|FT|1469|Mali|966|Algeria|0|1|||||4|0|2|0|1
2010|Grp. A|3493|363496|2010-01-14T18:30Z|6|FT|978|Angola|958|Malawi|2|0|||||1|0|3|0|1
2010|Grp. A|3493|363503|2010-01-18T16:00Z|6|FT|978|Angola|966|Algeria|0|0|||||0|0|2|0|0
2010|Grp. A|3493|363504|2010-01-18T16:00Z|6|FT|1469|Mali|958|Malawi|3|1|||||0|0|2|0|1
2010|Grp. B|3494|363489|2010-01-11T16:00Z|6|FT|973|Ivory Coast|955|Burkina Faso|0|0|||||1|0|2|0|0
2010|Grp. B|3494|363490|2010-01-11T18:30Z|7|Can|965|Ghana|953|Togo|||||||0|0|0|0|0
2010|Grp. B|3494|363497|2010-01-15T16:00Z|7|Can|955|Burkina Faso|953|Togo|||||||0|0|0|0|0
2010|Grp. B|3494|363498|2010-01-15T18:30Z|6|FT|973|Ivory Coast|965|Ghana|3|1|||||4|1|1|0|1
2010|Grp. B|3494|363505|2010-01-19T16:00Z|6|FT|955|Burkina Faso|965|Ghana|0|1|||||3|1|2|0|1
2010|Grp. B|3494|363506|2010-01-19T16:00Z|7|Can|973|Ivory Coast|953|Togo|||||||0|0|0|0|0
2010|Grp. C|3495|363491|2010-01-12T16:00Z|6|FT|944|Egypt|977|Nigeria|3|1|||||0|0|1|0|1
2010|Grp. C|3495|363492|2010-01-12T18:30Z|6|FT|3461|Mozambique|2347|Benin|2|2|||||4|0|2|0|1
2010|Grp. C|3495|363499|2010-01-16T16:00Z|6|FT|977|Nigeria|2347|Benin|1|0|||||1|0|3|0|1
2010|Grp. C|3495|363500|2010-01-16T18:30Z|6|FT|944|Egypt|3461|Mozambique|2|0|||||0|0|3|0|1
2010|Grp. C|3495|363507|2010-01-20T16:00Z|6|FT|944|Egypt|2347|Benin|2|0|||||1|0|2|0|1
2010|Grp. C|3495|363508|2010-01-20T16:00Z|6|FT|977|Nigeria|3461|Mozambique|3|0|||||0|0|5|0|1
2010|Grp. D|3496|363493|2010-01-13T16:00Z|6|FT|863|Cameroon|2556|Gabon|0|1|||||0|0|2|0|1
2010|Grp. D|3496|363494|2010-01-13T18:30Z|6|FT|961|Zambia|959|Tunisia|1|1|||||0|0|3|0|1
2010|Grp. D|3496|363501|2010-01-17T16:00Z|6|FT|2556|Gabon|959|Tunisia|0|0|||||3|0|2|0|0
2010|Grp. D|3496|363502|2010-01-17T18:30Z|6|FT|863|Cameroon|961|Zambia|3|2|||||3|0|2|0|1
2010|Grp. D|3496|363509|2010-01-21T16:00Z|6|FT|863|Cameroon|959|Tunisia|2|2|||||2|0|5|1|1
2010|Grp. D|3496|363510|2010-01-21T16:00Z|6|FT|2556|Gabon|961|Zambia|1|2|||||3|0|4|0|1
2010|bronze match|3505|363559|2010-01-30T16:00Z|6|FT|977|Nigeria|966|Algeria|1|0|||||0|0|1|0|1
2010|final|3504|363558|2010-01-31T16:00Z|6|FT|965|Ghana|944|Egypt|0|1|||||1|0|3|0|1
2010|quarter finals|3502|363552|2010-01-24T16:00Z|6|FT|978|Angola|965|Ghana|0|1|||||1|0|3|0|1
2010|quarter finals|3502|363553|2010-01-24T19:30Z|6|PEN|973|Ivory Coast|966|Algeria|2|3|2|3|||1|0|3|0|1
2010|quarter finals|3502|363554|2010-01-25T16:00Z|6|PEN|944|Egypt|863|Cameroon|3|1|3|1|||4|0|3|1|1
2010|quarter finals|3502|363555|2010-01-25T19:30Z|6|PEN|961|Zambia|977|Nigeria|0|0|0|0|4|5|4|0|1|1|1
2010|semi finals|3503|363556|2010-01-28T16:00Z|6|FT|965|Ghana|977|Nigeria|1|0|||||4|0|1|0|1
2010|semi finals|3503|363557|2010-01-28T19:30Z|6|FT|966|Algeria|944|Egypt|0|4|||||2|3|1|0|1
2012|Grp. A|5864|561286|2012-01-21T18:35Z|6|FT|5449|Equatorial Guinea|952|Libya|1|0|||||1|0|3|0|1
2012|Grp. A|5864|561287|2012-01-21T21:00Z|6|FT|957|Senegal|961|Zambia|1|2|||||0|0|0|0|1
2012|Grp. A|5864|561288|2012-01-25T17:15Z|6|FT|952|Libya|961|Zambia|2|2|||||0|0|1|0|1
2012|Grp. A|5864|561289|2012-01-25T20:15Z|6|FT|5449|Equatorial Guinea|957|Senegal|2|1|||||4|1|0|0|1
2012|Grp. A|5864|561290|2012-01-29T18:00Z|6|FT|5449|Equatorial Guinea|961|Zambia|0|1|||||0|0|0|0|1
2012|Grp. A|5864|561291|2012-01-29T18:00Z|6|FT|952|Libya|957|Senegal|2|1|||||0|0|0|0|1
2012|Grp. B|5865|561292|2012-01-22T16:00Z|6|FT|973|Ivory Coast|964|Sudan|1|0|||||1|0|2|0|1
2012|Grp. B|5865|561293|2012-01-22T19:00Z|6|FT|955|Burkina Faso|978|Angola|1|2|||||2|0|2|0|1
2012|Grp. B|5865|561294|2012-01-26T16:00Z|6|FT|964|Sudan|978|Angola|2|2|||||2|0|3|0|1
2012|Grp. B|5865|561295|2012-01-26T19:00Z|6|FT|973|Ivory Coast|955|Burkina Faso|2|0|||||4|0|1|0|1
2012|Grp. B|5865|561296|2012-01-30T18:00Z|6|FT|964|Sudan|955|Burkina Faso|2|1|||||0|0|0|0|1
2012|Grp. B|5865|561297|2012-01-30T18:00Z|6|FT|973|Ivory Coast|978|Angola|2|0|||||2|0|2|0|1
2012|Grp. C|5866|561298|2012-01-23T16:00Z|6|FT|2556|Gabon|5445|Niger|2|0|||||1|0|1|0|1
2012|Grp. C|5866|561299|2012-01-23T19:00Z|6|FT|495|Morocco|959|Tunisia|1|2|||||3|0|3|0|1
2012|Grp. C|5866|561300|2012-01-27T16:00Z|6|FT|5445|Niger|959|Tunisia|1|2|||||1|0|3|0|1
2012|Grp. C|5866|561301|2012-01-27T19:00Z|6|FT|2556|Gabon|495|Morocco|3|2|||||1|0|3|0|1
2012|Grp. C|5866|561302|2012-01-31T18:00Z|6|FT|2556|Gabon|959|Tunisia|1|0|||||2|0|4|0|1
2012|Grp. C|5866|561303|2012-01-31T18:00Z|6|FT|5445|Niger|495|Morocco|0|1|||||3|0|2|0|1
2012|Grp. D|5867|561304|2012-01-24T16:00Z|6|FT|965|Ghana|2557|Botswana|1|0|||||0|1|2|0|1
2012|Grp. D|5867|561305|2012-01-24T19:00Z|6|FT|1469|Mali|2345|Guinea|1|0|||||2|0|2|0|1
2012|Grp. D|5867|561306|2012-01-28T16:00Z|6|FT|2557|Botswana|2345|Guinea|1|6|||||2|1|2|0|1
2012|Grp. D|5867|561307|2012-01-28T19:00Z|6|FT|965|Ghana|1469|Mali|2|0|||||2|0|4|0|1
2012|Grp. D|5867|561308|2012-02-01T18:00Z|6|FT|2557|Botswana|1469|Mali|1|2|||||1|0|1|0|1
2012|Grp. D|5867|561309|2012-02-01T18:00Z|6|FT|965|Ghana|2345|Guinea|1|1|||||1|0|3|1|1
2012|bronze match|5870|583689|2012-02-11T19:00Z|6|FT|965|Ghana|1469|Mali|0|2|||||0|1|0|0|1
2012|final|5871|583688|2012-02-12T19:30Z|6|PEN|961|Zambia|973|Ivory Coast|0|0|0|0|8|7|1|0|2|0|0
2012|quarter finals|5868|581083|2012-02-04T16:00Z|6|FT|961|Zambia|964|Sudan|3|0|||||1|0|3|1|1
2012|quarter finals|5868|581084|2012-02-04T19:00Z|6|FT|973|Ivory Coast|5449|Equatorial Guinea|3|0|||||0|0|1|0|1
2012|quarter finals|5868|581728|2012-02-05T16:00Z|6|PEN|2556|Gabon|1469|Mali|1|1|1|1|4|5|2|0|2|0|1
2012|quarter finals|5868|581729|2012-02-05T19:00Z|6|PEN|965|Ghana|959|Tunisia|2|1|2|1|||3|0|1|1|1
2012|semi finals|5869|582855|2012-02-08T16:00Z|6|FT|961|Zambia|965|Ghana|1|0|||||3|0|2|1|1
2012|semi finals|5869|582856|2012-02-08T19:00Z|6|FT|1469|Mali|973|Ivory Coast|0|1|||||3|0|2|0|1
2013|Grp. A|7017|675438|2013-01-19T16:00Z|6|FT|485|South Africa|2555|Cabo Verde|0|0|||||0|0|0|0|0
2013|Grp. A|7017|675439|2013-01-19T19:00Z|6|FT|978|Angola|495|Morocco|0|0|||||0|0|0|0|0
2013|Grp. A|7017|675440|2013-01-23T15:00Z|6|FT|485|South Africa|978|Angola|2|0|||||0|0|0|0|1
2013|Grp. A|7017|675441|2013-01-23T18:00Z|6|FT|495|Morocco|2555|Cabo Verde|1|1|||||0|0|0|0|1
2013|Grp. A|7017|675444|2013-01-27T17:00Z|6|FT|495|Morocco|485|South Africa|2|2|||||0|0|0|0|1
2013|Grp. A|7017|675445|2013-01-27T17:00Z|6|FT|2555|Cabo Verde|978|Angola|2|1|||||0|0|0|0|1
2013|Grp. B|7019|675450|2013-01-20T15:00Z|6|FT|965|Ghana|960|DR Congo|2|2|||||0|0|0|0|1
2013|Grp. B|7019|675451|2013-01-20T18:00Z|6|FT|1469|Mali|5445|Niger|1|0|||||0|0|0|0|1
2013|Grp. B|7019|675452|2013-01-24T15:00Z|6|FT|965|Ghana|1469|Mali|1|0|||||0|0|0|0|1
2013|Grp. B|7019|675453|2013-01-24T18:00Z|6|FT|5445|Niger|960|DR Congo|0|0|||||0|0|0|0|0
2013|Grp. B|7019|675457|2013-01-28T17:00Z|6|FT|5445|Niger|965|Ghana|0|3|||||0|0|0|0|1
2013|Grp. B|7019|675458|2013-01-28T17:00Z|6|FT|960|DR Congo|1469|Mali|1|1|||||0|0|0|0|1
2013|Grp. C|7018|675442|2013-01-21T15:00Z|6|FT|961|Zambia|5446|Ethiopia|1|1|||||0|0|0|1|1
2013|Grp. C|7018|675443|2013-01-21T18:00Z|6|FT|977|Nigeria|955|Burkina Faso|1|1|||||0|1|0|0|1
2013|Grp. C|7018|675446|2013-01-25T15:00Z|6|FT|961|Zambia|977|Nigeria|1|1|||||0|0|0|0|1
2013|Grp. C|7018|675447|2013-01-25T18:00Z|6|FT|955|Burkina Faso|5446|Ethiopia|4|0|||||0|1|0|0|1
2013|Grp. C|7018|675448|2013-01-29T17:00Z|6|FT|955|Burkina Faso|961|Zambia|0|0|||||0|0|0|0|0
2013|Grp. C|7018|675449|2013-01-29T17:00Z|6|FT|5446|Ethiopia|977|Nigeria|0|2|||||0|1|0|0|1
2013|Grp. D|7020|675454|2013-01-22T15:00Z|6|FT|973|Ivory Coast|953|Togo|2|1|||||0|0|0|0|1
2013|Grp. D|7020|675455|2013-01-22T18:00Z|6|FT|959|Tunisia|966|Algeria|1|0|||||0|0|0|0|1
2013|Grp. D|7020|675456|2013-01-26T15:00Z|6|FT|973|Ivory Coast|959|Tunisia|3|0|||||0|0|0|0|1
2013|Grp. D|7020|675459|2013-01-26T18:00Z|6|FT|966|Algeria|953|Togo|0|2|||||0|0|0|0|1
2013|Grp. D|7020|675460|2013-01-30T17:00Z|6|FT|966|Algeria|973|Ivory Coast|2|2|||||0|0|0|0|1
2013|Grp. D|7020|675461|2013-01-30T17:00Z|6|FT|953|Togo|959|Tunisia|1|1|||||0|0|0|0|1
2013|bronze match|7301|697767|2013-02-09T18:00Z|6|FT|1469|Mali|965|Ghana|3|1|||||1|0|3|0|1
2013|final|7302|697766|2013-02-10T18:30Z|6|FT|977|Nigeria|955|Burkina Faso|1|0|||||5|0|1|0|1
2013|quarter finals|7299|695579|2013-02-02T15:00Z|6|FT|965|Ghana|2555|Cabo Verde|2|0|||||0|0|0|0|1
2013|quarter finals|7299|695580|2013-02-02T18:30Z|6|PEN|485|South Africa|1469|Mali|1|1|1|1|1|3|0|0|0|0|1
2013|quarter finals|7299|695773|2013-02-03T15:00Z|6|FT|973|Ivory Coast|977|Nigeria|1|2|||||0|0|0|0|1
2013|quarter finals|7299|696144|2013-02-03T18:30Z|6|PEN|955|Burkina Faso|953|Togo|1|0|1|0|||0|0|0|0|1
2013|semi finals|7300|697008|2013-02-06T15:00Z|6|FT|1469|Mali|977|Nigeria|1|4|||||3|0|1|0|1
2013|semi finals|7300|697009|2013-02-06T18:30Z|6|PEN|955|Burkina Faso|965|Ghana|1|1|1|1|3|2|2|1|2|0|1
2015|Grp. A|11736|899244|2015-01-17T16:00Z|6|FT|5449|Equatorial Guinea|1128|Congo|1|1|||||3|0|1|0|1
2015|Grp. A|11736|899245|2015-01-17T19:00Z|6|FT|955|Burkina Faso|2556|Gabon|0|2|||||0|0|3|0|1
2015|Grp. A|11736|899246|2015-01-25T18:00Z|6|FT|2556|Gabon|5449|Equatorial Guinea|0|2|||||2|0|3|0|1
2015|Grp. A|11736|899247|2015-01-25T18:00Z|6|FT|1128|Congo|955|Burkina Faso|2|1|||||0|0|0|0|1
2015|Grp. A|11736|899248|2015-01-21T19:00Z|6|FT|2556|Gabon|1128|Congo|0|1|||||1|0|1|0|1
2015|Grp. A|11736|899249|2015-01-21T16:00Z|6|FT|5449|Equatorial Guinea|955|Burkina Faso|0|0|||||1|0|1|0|0
2015|Grp. B|11750|899250|2015-01-18T16:00Z|6|FT|961|Zambia|960|DR Congo|1|1|||||3|0|0|0|1
2015|Grp. B|11750|899251|2015-01-18T19:00Z|6|FT|959|Tunisia|2555|Cabo Verde|1|1|||||1|0|0|0|1
2015|Grp. B|11750|899252|2015-01-26T18:00Z|6|FT|2555|Cabo Verde|961|Zambia|0|0|||||1|0|2|0|0
2015|Grp. B|11750|899253|2015-01-26T18:00Z|6|FT|960|DR Congo|959|Tunisia|1|1|||||0|0|1|0|1
2015|Grp. B|11750|899254|2015-01-22T19:00Z|6|FT|2555|Cabo Verde|960|DR Congo|0|0|||||0|0|0|0|0
2015|Grp. B|11750|899255|2015-01-22T16:00Z|6|FT|961|Zambia|959|Tunisia|1|2|||||2|0|0|0|1
2015|Grp. C|11751|899256|2015-01-19T16:00Z|6|FT|965|Ghana|957|Senegal|1|2|||||2|0|2|0|1
2015|Grp. C|11751|899257|2015-01-19T19:00Z|6|FT|966|Algeria|485|South Africa|3|1|||||1|0|1|0|1
2015|Grp. C|11751|899258|2015-01-27T18:00Z|6|FT|485|South Africa|965|Ghana|1|2|||||2|0|1|0|1
2015|Grp. C|11751|899259|2015-01-27T18:00Z|6|FT|957|Senegal|966|Algeria|0|2|||||3|0|2|0|1
2015|Grp. C|11751|899260|2015-01-23T19:00Z|6|FT|485|South Africa|957|Senegal|1|1|||||1|0|0|0|1
2015|Grp. C|11751|899261|2015-01-23T16:00Z|6|FT|965|Ghana|966|Algeria|1|0|||||1|0|2|0|1
2015|Grp. D|11752|899262|2015-01-20T16:00Z|6|FT|973|Ivory Coast|2345|Guinea|1|1|||||3|1|0|0|1
2015|Grp. D|11752|899263|2015-01-20T19:00Z|6|FT|1469|Mali|863|Cameroon|1|1|||||2|0|0|0|1
2015|Grp. D|11752|899264|2015-01-28T18:00Z|6|FT|863|Cameroon|973|Ivory Coast|0|1|||||0|0|3|0|1
2015|Grp. D|11752|899265|2015-01-28T18:00Z|6|FT|2345|Guinea|1469|Mali|1|1|||||1|0|1|0|1
2015|Grp. D|11752|899266|2015-01-24T19:00Z|6|FT|863|Cameroon|2345|Guinea|1|1|||||0|0|1|0|1
2015|Grp. D|11752|899267|2015-01-24T16:00Z|6|FT|973|Ivory Coast|1469|Mali|1|1|||||1|0|3|0|1
2015|bronze match|11888|928045|2015-02-07T16:00Z|6|PEN|960|DR Congo|5449|Equatorial Guinea|0|0|||4|2|0|0|0|0|0
2015|final|11889|928044|2015-02-08T19:00Z|6|PEN|973|Ivory Coast|965|Ghana|0|0|0|0|9|8|5|0|0|0|0
2015|quarter finals|11886|921960|2015-01-31T16:00Z|6|FT|1128|Congo|960|DR Congo|2|4|||||1|0|1|0|1
2015|quarter finals|11886|921961|2015-01-31T19:30Z|6|PEN|959|Tunisia|5449|Equatorial Guinea|1|2||2|||5|0|1|0|1
2015|quarter finals|11886|922389|2015-02-01T19:30Z|6|FT|973|Ivory Coast|966|Algeria|3|1|||||0|0|2|0|1
2015|quarter finals|11886|923045|2015-02-01T16:00Z|6|FT|965|Ghana|2345|Guinea|3|0|||||0|0|5|1|1
2015|semi finals|11887|924688|2015-02-04T19:00Z|6|FT|960|DR Congo|973|Ivory Coast|1|3|||||2|0|4|0|1
2015|semi finals|11887|924689|2015-02-05T19:00Z|6|FT|965|Ghana|5449|Equatorial Guinea|3|0|||||4|0|3|0|1
2017|Bronze Match|14274|1169635|2017-02-04T19:00Z|6|FT|955|Burkina Faso|965|Ghana|1|0|||||0|0|0|0|1
2017|Final|14275|1169636|2017-02-05T19:00Z|6|FT|944|Egypt|863|Cameroon|1|2|||||0|0|0|0|1
2017|Grp. A|14268|1147640|2017-01-14T16:00Z|6|FT|2556|Gabon|9721|Guinea-Bissau|1|1|||||0|0|0|0|1
2017|Grp. A|14268|1147641|2017-01-14T19:00Z|6|FT|955|Burkina Faso|863|Cameroon|1|1|||||0|0|0|0|1
2017|Grp. A|14268|1147642|2017-01-18T16:00Z|6|FT|2556|Gabon|955|Burkina Faso|1|1|||||0|0|0|0|1
2017|Grp. A|14268|1147643|2017-01-18T19:00Z|6|FT|863|Cameroon|9721|Guinea-Bissau|2|1|||||0|0|0|0|1
2017|Grp. A|14268|1147644|2017-01-22T19:00Z|6|FT|863|Cameroon|2556|Gabon|0|0|||||0|0|0|0|0
2017|Grp. A|14268|1147645|2017-01-22T19:00Z|6|FT|9721|Guinea-Bissau|955|Burkina Faso|0|2|||||0|0|0|0|1
2017|Grp. B|14269|1147646|2017-01-15T16:00Z|6|FT|966|Algeria|956|Zimbabwe|2|2|||||0|0|0|0|1
2017|Grp. B|14269|1147647|2017-01-15T19:00Z|6|FT|959|Tunisia|957|Senegal|0|2|||||0|0|0|0|1
2017|Grp. B|14269|1147648|2017-01-19T16:00Z|6|FT|966|Algeria|959|Tunisia|1|2|||||0|0|0|0|1
2017|Grp. B|14269|1147649|2017-01-19T19:00Z|6|FT|957|Senegal|956|Zimbabwe|2|0|||||0|0|0|0|1
2017|Grp. B|14269|1147650|2017-01-23T19:00Z|6|FT|957|Senegal|966|Algeria|2|2|||||0|0|0|0|1
2017|Grp. B|14269|1147651|2017-01-23T19:00Z|6|FT|956|Zimbabwe|959|Tunisia|2|4|||||0|0|0|0|1
2017|Grp. C|14270|1147652|2017-01-16T16:00Z|6|FT|973|Ivory Coast|953|Togo|0|0|||||0|0|0|0|0
2017|Grp. C|14270|1147653|2017-01-16T19:00Z|6|FT|960|DR Congo|495|Morocco|1|0|||||0|1|0|0|1
2017|Grp. C|14270|1147654|2017-01-20T16:00Z|6|FT|973|Ivory Coast|960|DR Congo|2|2|||||0|0|0|0|1
2017|Grp. C|14270|1147655|2017-01-20T19:00Z|6|FT|495|Morocco|953|Togo|3|1|||||0|0|0|0|1
2017|Grp. C|14270|1147656|2017-01-24T19:00Z|6|FT|495|Morocco|973|Ivory Coast|1|0|||||0|0|0|0|1
2017|Grp. C|14270|1147657|2017-01-24T19:00Z|6|FT|953|Togo|960|DR Congo|1|3|||||0|0|0|0|1
2017|Grp. D|14271|1147658|2017-01-17T16:00Z|6|FT|965|Ghana|2558|Uganda|1|0|||||0|0|0|0|1
2017|Grp. D|14271|1147659|2017-01-17T19:00Z|6|FT|1469|Mali|944|Egypt|0|0|||||0|0|0|0|0
2017|Grp. D|14271|1147660|2017-01-21T16:00Z|6|FT|965|Ghana|1469|Mali|1|0|||||0|0|0|0|1
2017|Grp. D|14271|1147661|2017-01-21T19:00Z|6|FT|944|Egypt|2558|Uganda|1|0|||||0|0|0|0|1
2017|Grp. D|14271|1147662|2017-01-25T19:00Z|6|FT|944|Egypt|965|Ghana|1|0|||||0|0|0|0|1
2017|Grp. D|14271|1147663|2017-01-25T19:00Z|6|FT|2558|Uganda|1469|Mali|1|1|||||0|0|0|0|1
2017|Quarter Finals|14272|1166870|2017-01-28T19:00Z|6|PEN|957|Senegal|863|Cameroon|0|0|0|0|4|5|0|0|0|0|0
2017|Quarter Finals|14272|1167424|2017-01-28T16:00Z|6|FT|955|Burkina Faso|959|Tunisia|2|0|||||0|0|0|0|1
2017|Quarter Finals|14272|1167943|2017-01-29T19:00Z|6|FT|944|Egypt|495|Morocco|1|0|||||0|0|0|0|1
2017|Quarter Finals|14272|1167944|2017-01-29T16:00Z|6|FT|960|DR Congo|965|Ghana|1|2|||||0|0|0|0|1
2017|Semi Finals|14273|1168980|2017-02-02T19:00Z|6|FT|863|Cameroon|965|Ghana|2|0|||||0|0|0|0|1
2017|Semi Finals|14273|1168981|2017-02-01T19:00Z|6|PEN|955|Burkina Faso|944|Egypt|1|1|1|1|3|4|0|0|0|0|1
2019|1/8 Finals|17347|1391000|2019-07-05T19:00Z|6|FT|2558|Uganda|957|Senegal|0|1|||||3|0|2|0|1
2019|1/8 Finals|17347|1391386|2019-07-06T16:00Z|6|FT|977|Nigeria|863|Cameroon|3|2|||||1|0|2|0|1
2019|1/8 Finals|17347|1391387|2019-07-05T16:00Z|6|PEN|495|Morocco|2347|Benin|1|1|1|1|1|4|2|0|4|1|1
2019|1/8 Finals|17347|1391402|2019-07-08T16:00Z|6|FT|1469|Mali|973|Ivory Coast|0|1|||||1|0|1|0|1
2019|1/8 Finals|17347|1391403|2019-07-08T19:00Z|6|PEN|965|Ghana|959|Tunisia|1|1|1|1|4|5|3|0|2|0|1
2019|1/8 Finals|17347|1391404|2019-07-07T16:00Z|6|PEN|1151|Madagascar|960|DR Congo|2|2|2|2|4|2|1|0|2|0|1
2019|1/8 Finals|17347|1391405|2019-07-06T19:00Z|6|FT|944|Egypt|485|South Africa|0|1|||||1|0|3|0|1
2019|1/8 Finals|17347|1391406|2019-07-07T19:00Z|6|FT|966|Algeria|2345|Guinea|3|0|||||1|0|2|0|1
2019|Bronze Match|17350|1403123|2019-07-17T19:00Z|6|FT|959|Tunisia|977|Nigeria|0|1|||||2|0|1|0|1
2019|Final|17351|1403124|2019-07-19T19:00Z|6|FT|957|Senegal|966|Algeria|0|1|||||2|0|4|0|1
2019|Grp. A|17331|1369684|2019-06-21T20:00Z|6|FT|944|Egypt|956|Zimbabwe|1|0|||||0|0|1|0|1
2019|Grp. A|17331|1369685|2019-06-22T14:30Z|6|FT|960|DR Congo|2558|Uganda|0|2|||||2|0|1|0|1
2019|Grp. A|17331|1369686|2019-06-26T20:00Z|6|FT|944|Egypt|960|DR Congo|2|0|||||3|0|2|0|1
2019|Grp. A|17331|1369687|2019-06-26T17:00Z|6|FT|2558|Uganda|956|Zimbabwe|1|1|||||1|0|0|0|1
2019|Grp. A|17331|1369688|2019-06-30T19:00Z|6|FT|2558|Uganda|944|Egypt|0|2|||||2|0|1|0|1
2019|Grp. A|17331|1369689|2019-06-30T19:00Z|6|FT|956|Zimbabwe|960|DR Congo|0|4|||||1|0|3|0|1
2019|Grp. B|17332|1369690|2019-06-22T17:00Z|6|FT|977|Nigeria|5447|Burundi|1|0|||||0|0|1|0|1
2019|Grp. B|17332|1369691|2019-06-22T20:00Z|6|FT|2345|Guinea|1151|Madagascar|2|2|||||0|0|3|0|1
2019|Grp. B|17332|1369692|2019-06-26T14:30Z|6|FT|977|Nigeria|2345|Guinea|1|0|||||2|0|2|0|1
2019|Grp. B|17332|1369693|2019-06-27T14:30Z|6|FT|1151|Madagascar|5447|Burundi|1|0|||||1|0|1|0|1
2019|Grp. B|17332|1369694|2019-06-30T16:00Z|6|FT|1151|Madagascar|977|Nigeria|2|0|||||1|0|0|0|1
2019|Grp. B|17332|1369695|2019-06-30T16:00Z|6|FT|5447|Burundi|2345|Guinea|0|2|||||2|1|1|0|1
2019|Grp. C|17333|1369696|2019-06-23T17:00Z|6|FT|957|Senegal|3768|Tanzania|2|0|||||1|0|4|0|1
2019|Grp. C|17333|1369697|2019-06-23T20:00Z|6|FT|966|Algeria|2346|Kenya|2|0|||||0|0|2|0|1
2019|Grp. C|17333|1369698|2019-06-27T17:00Z|6|FT|957|Senegal|966|Algeria|0|1|||||2|0|2|0|1
2019|Grp. C|17333|1369699|2019-06-27T20:00Z|6|FT|2346|Kenya|3768|Tanzania|3|2|||||3|0|2|0|1
2019|Grp. C|17333|1369700|2019-07-01T19:00Z|6|FT|2346|Kenya|957|Senegal|0|3|||||3|1|1|0|1
2019|Grp. C|17333|1369701|2019-07-01T19:00Z|6|FT|3768|Tanzania|966|Algeria|0|3|||||1|0|2|0|1
2019|Grp. D|17334|1369702|2019-06-23T14:30Z|6|FT|495|Morocco|954|Namibia|1|0|||||0|0|1|0|1
2019|Grp. D|17334|1369703|2019-06-24T14:30Z|6|FT|973|Ivory Coast|485|South Africa|1|0|||||3|0|1|0|1
2019|Grp. D|17334|1369704|2019-06-28T17:00Z|6|FT|495|Morocco|973|Ivory Coast|1|0|||||1|0|1|0|1
2019|Grp. D|17334|1369705|2019-06-28T20:00Z|6|FT|485|South Africa|954|Namibia|1|0|||||1|0|3|0|1
2019|Grp. D|17334|1369706|2019-07-01T16:00Z|6|FT|485|South Africa|495|Morocco|0|1|||||2|0|0|0|1
2019|Grp. D|17334|1369707|2019-07-01T16:00Z|6|FT|954|Namibia|973|Ivory Coast|1|4|||||1|0|0|0|1
2019|Grp. E|17335|1369708|2019-06-24T17:00Z|6|FT|959|Tunisia|978|Angola|1|1|||||2|0|1|0|1
2019|Grp. E|17335|1369709|2019-06-24T20:00Z|6|FT|1469|Mali|4156|Mauritania|4|1|||||2|0|3|0|1
2019|Grp. E|17335|1369710|2019-06-28T14:30Z|6|FT|959|Tunisia|1469|Mali|1|1|||||3|0|3|0|1
2019|Grp. E|17335|1369711|2019-06-29T14:30Z|6|FT|4156|Mauritania|978|Angola|0|0|||||1|0|2|0|0
2019|Grp. E|17335|1369712|2019-07-02T19:00Z|6|FT|4156|Mauritania|959|Tunisia|0|0|||||3|0|2|0|0
2019|Grp. E|17335|1369713|2019-07-02T19:00Z|6|FT|978|Angola|1469|Mali|0|1|||||3|0|1|0|1
2019|Grp. F|17336|1369714|2019-06-25T17:00Z|6|FT|863|Cameroon|9721|Guinea-Bissau|2|0|||||2|0|1|0|1
2019|Grp. F|17336|1369715|2019-06-25T20:00Z|6|FT|965|Ghana|2347|Benin|2|2|||||2|1|2|0|1
2019|Grp. F|17336|1369716|2019-06-29T17:00Z|6|FT|863|Cameroon|965|Ghana|0|0|||||0|0|1|0|0
2019|Grp. F|17336|1369717|2019-06-29T20:00Z|6|FT|2347|Benin|9721|Guinea-Bissau|0|0|||||2|0|1|0|0
2019|Grp. F|17336|1369718|2019-07-02T16:00Z|6|FT|2347|Benin|863|Cameroon|0|0|||||2|0|4|0|0
2019|Grp. F|17336|1369719|2019-07-02T16:00Z|6|FT|9721|Guinea-Bissau|965|Ghana|0|2|||||2|0|1|0|1
2019|Quarter Finals|17348|1396494|2019-07-10T16:00Z|6|FT|957|Senegal|2347|Benin|1|0|||||1|0|2|1|1
2019|Quarter Finals|17348|1397590|2019-07-10T19:00Z|6|FT|977|Nigeria|485|South Africa|2|1|||||1|0|4|0|1
2019|Quarter Finals|17348|1398024|2019-07-11T16:00Z|6|PEN|973|Ivory Coast|966|Algeria|1|1|1|1|3|4|5|0|2|0|1
2019|Quarter Finals|17348|1398041|2019-07-11T19:00Z|6|FT|1151|Madagascar|959|Tunisia|0|3|||||1|0|0|0|1
2019|Semi Finals|17349|1399271|2019-07-14T19:00Z|6|FT|966|Algeria|977|Nigeria|2|1|||||3|0|1|0|1
2019|Semi Finals|17349|1399274|2019-07-14T16:00Z|6|AET|957|Senegal|959|Tunisia|1|0|1||||1|0|2|0|1
2021|Final Stage|20082|1615450|2022-01-23T16:00Z|6|PEN|955|Burkina Faso|2556|Gabon|1|1|1|1|7|6|6|0|8|1|1
2021|Final Stage|20082|1615473|2022-01-25T16:00Z|6|FT|957|Senegal|2555|Cabo Verde|2|0|||||1|0|0|2|1
2021|Final Stage|20082|1615474|2022-01-25T19:00Z|6|FT|495|Morocco|958|Malawi|2|1|||||0|0|3|0|1
2021|Final Stage|20082|1615520|2022-01-26T16:00Z|6|PEN|973|Ivory Coast|944|Egypt|0|0|0|0|4|5|3|0|1|0|0
2021|Final Stage|20082|1615531|2022-01-24T16:00Z|6|FT|2345|Guinea|3974|Gambia|0|1|||||1|1|2|1|1
2021|Final Stage|20082|1615532|2022-01-24T19:00Z|6|FT|863|Cameroon|9719|Comoros|2|1|||||2|0|2|1|1
2021|Final Stage|20082|1615533|2022-01-23T19:00Z|6|FT|977|Nigeria|959|Tunisia|0|1|||||1|1|2|0|1
2021|Final Stage|20082|1615534|2022-01-26T19:00Z|6|PEN|1469|Mali|5449|Equatorial Guinea|0|0|0|0|5|6|1|0|4|0|0
2021|Final Stage|20082|1616600|2022-01-29T19:00Z|6|FT|955|Burkina Faso|959|Tunisia|1|0|||||4|1|1|0|1
2021|Final Stage|20082|1618742|2022-01-29T16:00Z|6|FT|3974|Gambia|863|Cameroon|0|2|||||3|0|1|0|1
2021|Final Stage|20082|1619075|2022-01-30T15:00Z|6|AET|944|Egypt|495|Morocco|2|1|2||||4|0|2|0|1
2021|Final Stage|20082|1619077|2022-01-30T19:00Z|6|FT|957|Senegal|5449|Equatorial Guinea|3|1|||||2|0|1|0|1
2021|Final Stage|20082|1619852|2022-02-03T19:00Z|6|PEN|863|Cameroon|944|Egypt|0|0|0|0|1|3|1|0|2|0|0
2021|Final Stage|20082|1619858|2022-02-02T19:00Z|6|FT|955|Burkina Faso|957|Senegal|1|3|||||1|0|2|0|1
2021|Final Stage|20082|1620931|2022-02-05T19:00Z|6|PEN|955|Burkina Faso|863|Cameroon|3|3|3|3|3|5|4|0|2|0|1
2021|Final Stage|20082|1620932|2022-02-06T19:00Z|6|PEN|957|Senegal|944|Egypt|0|0|0|0|4|2|4|0|2|0|0
2021|Grp. A|20076|1590737|2022-01-09T16:00Z|6|FT|863|Cameroon|955|Burkina Faso|2|1|||||1|0|2|0|1
2021|Grp. A|20076|1590738|2022-01-09T19:00Z|6|FT|5446|Ethiopia|2555|Cabo Verde|0|1|||||1|1|1|0|1
2021|Grp. A|20076|1590739|2022-01-13T19:00Z|6|FT|2555|Cabo Verde|955|Burkina Faso|0|1|||||2|0|1|0|1
2021|Grp. A|20076|1590740|2022-01-13T16:00Z|6|FT|863|Cameroon|5446|Ethiopia|4|1|||||2|0|1|0|1
2021|Grp. A|20076|1590741|2022-01-17T16:00Z|6|FT|2555|Cabo Verde|863|Cameroon|1|1|||||1|0|2|0|1
2021|Grp. A|20076|1590742|2022-01-17T16:00Z|6|FT|955|Burkina Faso|5446|Ethiopia|1|1|||||0|0|2|0|1
2021|Grp. B|20077|1590743|2022-01-10T13:00Z|6|FT|957|Senegal|956|Zimbabwe|1|0|||||1|0|2|0|1
2021|Grp. B|20077|1590744|2022-01-10T16:00Z|6|FT|2345|Guinea|958|Malawi|1|0|||||1|0|2|0|1
2021|Grp. B|20077|1590745|2022-01-14T13:00Z|6|FT|957|Senegal|2345|Guinea|0|0|||||1|0|4|0|0
2021|Grp. B|20077|1590746|2022-01-14T16:00Z|6|FT|958|Malawi|956|Zimbabwe|2|1|||||2|0|3|0|1
2021|Grp. B|20077|1590747|2022-01-18T16:00Z|6|FT|956|Zimbabwe|2345|Guinea|2|1|||||3|0|3|0|1
2021|Grp. B|20077|1590748|2022-01-18T16:00Z|6|FT|958|Malawi|957|Senegal|0|0|||||2|0|2|0|0
2021|Grp. C|20081|1590749|2022-01-10T16:00Z|6|FT|495|Morocco|965|Ghana|1|0|||||1|0|2|0|1
2021|Grp. C|20081|1590750|2022-01-10T19:00Z|6|FT|9719|Comoros|2556|Gabon|0|1|||||1|0|1|0|1
2021|Grp. C|20081|1590751|2022-01-14T16:00Z|6|FT|495|Morocco|9719|Comoros|2|0|||||2|0|2|0|1
2021|Grp. C|20081|1590752|2022-01-14T19:00Z|6|FT|2556|Gabon|965|Ghana|1|1|||||3|0|4|1|1
2021|Grp. C|20081|1590753|2022-01-18T19:00Z|6|FT|2556|Gabon|495|Morocco|2|2|||||2|0|1|0|1
2021|Grp. C|20081|1590754|2022-01-18T19:00Z|6|FT|965|Ghana|9719|Comoros|2|3|||||1|1|1|0|1
2021|Grp. D|20078|1590755|2022-01-11T16:00Z|6|FT|977|Nigeria|944|Egypt|1|0|||||0|0|0|0|1
2021|Grp. D|20078|1590756|2022-01-11T19:00Z|6|FT|964|Sudan|9721|Guinea-Bissau|0|0|||||2|0|1|0|0
2021|Grp. D|20078|1590757|2022-01-15T16:00Z|6|FT|977|Nigeria|964|Sudan|3|1|||||2|0|0|0|1
2021|Grp. D|20078|1590758|2022-01-15T19:00Z|6|FT|9721|Guinea-Bissau|944|Egypt|0|1|||||3|0|1|0|1
2021|Grp. D|20078|1590759|2022-01-19T19:00Z|6|FT|9721|Guinea-Bissau|977|Nigeria|0|2|||||0|0|0|0|1
2021|Grp. D|20078|1590760|2022-01-19T19:00Z|6|FT|944|Egypt|964|Sudan|1|0|||||1|0|2|0|1
2021|Grp. E|20079|1590797|2022-01-11T13:00Z|6|FT|966|Algeria|963|Sierra Leone|0|0|||||1|0|1|0|0
2021|Grp. E|20079|1590798|2022-01-12T19:00Z|6|FT|5449|Equatorial Guinea|973|Ivory Coast|0|1|||||1|0|1|0|1
2021|Grp. E|20079|1590799|2022-01-16T16:00Z|6|FT|973|Ivory Coast|963|Sierra Leone|2|2|||||0|0|2|0|1
2021|Grp. E|20079|1590800|2022-01-16T19:00Z|6|FT|966|Algeria|5449|Equatorial Guinea|0|1|||||4|0|4|0|1
2021|Grp. E|20079|1590801|2022-01-20T16:00Z|6|FT|963|Sierra Leone|5449|Equatorial Guinea|0|1|||||5|1|3|0|1
2021|Grp. E|20079|1590802|2022-01-20T16:00Z|6|FT|973|Ivory Coast|966|Algeria|3|1|||||4|0|2|0|1
2021|Grp. F|20080|1590803|2022-01-12T13:00Z|6|FT|959|Tunisia|1469|Mali|0|1|||||2|0|2|1|1
2021|Grp. F|20080|1590804|2022-01-12T16:45Z|6|FT|4156|Mauritania|3974|Gambia|0|1|||||2|0|3|0|1
2021|Grp. F|20080|1590805|2022-01-16T16:00Z|6|FT|959|Tunisia|4156|Mauritania|4|0|||||3|0|1|0|1
2021|Grp. F|20080|1590806|2022-01-16T13:00Z|6|FT|3974|Gambia|1469|Mali|1|1|||||2|0|3|0|1
2021|Grp. F|20080|1590807|2022-01-20T19:00Z|6|FT|3974|Gambia|959|Tunisia|1|0|||||2|0|2|1|1
2021|Grp. F|20080|1590808|2022-01-20T19:00Z|6|FT|1469|Mali|4156|Mauritania|2|0|||||2|0|2|0|1
2023|Final Stage|22672|1801146|2024-01-27T20:00Z|6|FT|977|Nigeria|863|Cameroon|2|0|||||2|0|2|0|1
2023|Final Stage|22672|1801147|2024-01-28T17:00Z|6|FT|5449|Equatorial Guinea|2345|Guinea|0|1|||||0|1|1|0|1
2023|Final Stage|22672|1801149|2024-01-29T17:00Z|6|FT|2555|Cabo Verde|4156|Mauritania|1|0|||||1|0|1|0|1
2023|Final Stage|22672|1801567|2024-01-30T17:00Z|6|FT|1469|Mali|955|Burkina Faso|2|1|||||1|0|3|0|1
2023|Final Stage|22672|1801574|2024-01-30T20:00Z|6|FT|495|Morocco|485|South Africa|0|2|||||1|1|3|0|1
2023|Final Stage|22672|1801575|2024-01-28T20:00Z|6|PEN|944|Egypt|960|DR Congo|1|1|1|1|7|8|3|1|3|0|1
2023|Final Stage|22672|1801576|2024-01-27T17:00Z|6|FT|978|Angola|954|Namibia|3|0|||||0|1|2|1|1
2023|Final Stage|22672|1801577|2024-01-29T20:00Z|6|PEN|957|Senegal|973|Ivory Coast|1|1|1|1|4|5|4|0|3|0|1
2023|Final Stage|22672|1802502|2024-02-02T17:00Z|6|FT|977|Nigeria|978|Angola|1|0|||||1|0|3|0|1
2023|Final Stage|22672|1802525|2024-02-03T20:00Z|6|PEN|2555|Cabo Verde|485|South Africa|0|0|0|0|1|2|1|0|0|0|0
2023|Final Stage|22672|1802526|2024-02-03T17:00Z|6|PEN|1469|Mali|973|Ivory Coast|1|2||2|||3|1|5|2|1
2023|Final Stage|22672|1802655|2024-02-02T20:00Z|6|FT|960|DR Congo|2345|Guinea|3|1|||||1|0|2|0|1
2023|Final Stage|22672|1803132|2024-02-07T20:00Z|6|FT|973|Ivory Coast|960|DR Congo|1|0|||||0|0|0|0|1
2023|Final Stage|22672|1803135|2024-02-07T17:00Z|6|PEN|977|Nigeria|485|South Africa|1|1|1|1|4|2|2|0|0|1|1
2023|Final Stage|22672|1803510|2024-02-10T20:00Z|6|PEN|485|South Africa|960|DR Congo|0|0|0|0|6|5|0|0|1|0|0
2023|Final Stage|22672|1803511|2024-02-11T20:00Z|6|FT|977|Nigeria|973|Ivory Coast|1|2|||||2|0|3|0|1
2023|Grp. A|22637|1783939|2024-01-22T17:00Z|6|FT|5449|Equatorial Guinea|973|Ivory Coast|4|0|||||3|0|2|0|1
2023|Grp. A|22637|1783940|2024-01-22T17:00Z|6|FT|9721|Guinea-Bissau|977|Nigeria|0|1|||||0|0|3|0|1
2023|Grp. A|22637|1783941|2024-01-18T14:00Z|6|FT|5449|Equatorial Guinea|9721|Guinea-Bissau|4|2|||||2|0|0|0|1
2023|Grp. A|22637|1783962|2024-01-18T17:00Z|6|FT|973|Ivory Coast|977|Nigeria|0|1|||||0|0|1|0|1
2023|Grp. A|22637|1783963|2024-01-13T20:00Z|6|FT|973|Ivory Coast|9721|Guinea-Bissau|2|0|||||2|0|1|0|1
2023|Grp. A|22637|1783964|2024-01-14T14:00Z|6|FT|977|Nigeria|5449|Equatorial Guinea|1|1|||||1|0|2|0|1
2023|Grp. B|22638|1783942|2024-01-22T20:00Z|6|FT|2555|Cabo Verde|944|Egypt|2|2|||||1|0|2|0|1
2023|Grp. B|22638|1783943|2024-01-22T20:00Z|6|FT|3461|Mozambique|965|Ghana|2|2|||||4|0|5|0|1
2023|Grp. B|22638|1783965|2024-01-18T20:00Z|6|FT|944|Egypt|965|Ghana|2|2|||||0|0|1|0|1
2023|Grp. B|22638|1783966|2024-01-14T17:00Z|6|FT|944|Egypt|3461|Mozambique|2|2|||||1|0|3|0|1
2023|Grp. B|22638|1783967|2024-01-14T20:00Z|6|FT|965|Ghana|2555|Cabo Verde|1|2|||||3|0|3|0|1
2023|Grp. B|22638|1783968|2024-01-19T14:00Z|6|FT|2555|Cabo Verde|3461|Mozambique|3|0|||||1|0|0|0|1
2023|Grp. C|22640|1783944|2024-01-23T17:00Z|6|FT|2345|Guinea|957|Senegal|0|2|||||2|0|2|0|1
2023|Grp. C|22640|1783945|2024-01-23T17:00Z|6|FT|3974|Gambia|863|Cameroon|2|3|||||4|0|0|0|1
2023|Grp. C|22640|1783948|2024-01-19T20:00Z|6|FT|2345|Guinea|3974|Gambia|1|0|||||2|0|2|0|1
2023|Grp. C|22640|1783969|2024-01-19T17:00Z|6|FT|957|Senegal|863|Cameroon|3|1|||||1|0|3|0|1
2023|Grp. C|22640|1783970|2024-01-15T14:00Z|6|FT|957|Senegal|3974|Gambia|3|0|||||2|0|0|1|1
2023|Grp. C|22640|1783971|2024-01-15T17:00Z|6|FT|863|Cameroon|2345|Guinea|1|1|||||2|0|1|1|1
2023|Grp. D|22639|1783946|2024-01-15T20:00Z|6|FT|966|Algeria|978|Angola|1|1|||||4|0|1|0|1
2023|Grp. D|22639|1783947|2024-01-16T14:00Z|6|FT|955|Burkina Faso|4156|Mauritania|1|0|||||3|0|2|0|1
2023|Grp. D|22639|1783949|2024-01-20T14:00Z|6|FT|966|Algeria|955|Burkina Faso|2|2|||||2|0|5|0|1
2023|Grp. D|22639|1783972|2024-01-20T17:00Z|6|FT|4156|Mauritania|978|Angola|2|3|||||2|0|1|0|1
2023|Grp. D|22639|1783973|2024-01-23T20:00Z|6|FT|4156|Mauritania|966|Algeria|1|0|||||3|0|3|0|1
2023|Grp. D|22639|1783974|2024-01-23T20:00Z|6|FT|978|Angola|955|Burkina Faso|2|0|||||3|0|1|0|1
2023|Grp. E|22641|1783950|2024-01-20T20:00Z|6|FT|959|Tunisia|1469|Mali|1|1|||||2|0|0|0|1
2023|Grp. E|22641|1783952|2024-01-21T20:00Z|6|FT|485|South Africa|954|Namibia|4|0|||||1|0|0|0|1
2023|Grp. E|22641|1783953|2024-01-24T17:00Z|6|FT|954|Namibia|1469|Mali|0|0|||||1|0|0|0|0
2023|Grp. E|22641|1783956|2024-01-24T17:00Z|6|FT|485|South Africa|959|Tunisia|0|0|||||0|0|0|0|0
2023|Grp. E|22641|1783958|2024-01-16T20:00Z|6|FT|1469|Mali|485|South Africa|2|0|||||3|0|2|0|1
2023|Grp. E|22641|1783959|2024-01-16T17:00Z|6|FT|959|Tunisia|954|Namibia|0|1|||||0|0|0|0|1
2023|Grp. F|22642|1783951|2024-01-24T20:00Z|6|FT|3768|Tanzania|960|DR Congo|0|0|||||0|0|1|0|0
2023|Grp. F|22642|1783954|2024-01-24T20:00Z|6|FT|961|Zambia|495|Morocco|0|1|||||0|0|1|0|1
2023|Grp. F|22642|1783955|2024-01-21T14:00Z|6|FT|495|Morocco|960|DR Congo|1|1|||||3|0|1|0|1
2023|Grp. F|22642|1783957|2024-01-21T17:00Z|6|FT|961|Zambia|3768|Tanzania|1|1|||||2|1|0|0|1
2023|Grp. F|22642|1783960|2024-01-17T20:00Z|6|FT|960|DR Congo|961|Zambia|1|1|||||1|0|1|0|1
2023|Grp. F|22642|1783961|2024-01-17T17:00Z|6|FT|495|Morocco|3768|Tanzania|3|0|||||2|0|4|1|1
2025|Final Stage|23791|1959997|2026-01-04T16:00Z|6|FT|495|Morocco|3768|Tanzania|1|0|||||1|0|5|0|1
2025|Final Stage|23791|1959998|2026-01-03T19:00Z|6|PEN|1469|Mali|959|Tunisia|1|1|1|1|3|2|4|1|6|0|1
2025|Final Stage|23791|1959999|2026-01-06T16:00Z|6|AET|966|Algeria|960|DR Congo|1|0|1||||3|0|2|0|1
2025|Final Stage|23791|1960000|2026-01-05T16:00Z|6|AET|944|Egypt|2347|Benin|3|1|3||||4|0|4|0|1
2025|Final Stage|23791|1960001|2026-01-03T16:00Z|6|FT|957|Senegal|964|Sudan|3|1|||||2|0|2|0|1
2025|Final Stage|23791|1960002|2026-01-06T19:00Z|6|FT|973|Ivory Coast|955|Burkina Faso|3|0|||||2|0|1|0|1
2025|Final Stage|23791|1960003|2026-01-04T19:00Z|6|FT|485|South Africa|863|Cameroon|1|2|||||5|0|2|0|1
2025|Final Stage|23791|1960004|2026-01-05T19:00Z|6|FT|977|Nigeria|3461|Mozambique|4|0|||||3|0|1|0|1
2025|Final Stage|23791|1960205|2026-01-09T16:00Z|6|FT|1469|Mali|957|Senegal|0|1|||||2|1|5|0|1
2025|Final Stage|23791|1960734|2026-01-09T19:00Z|6|FT|863|Cameroon|495|Morocco|0|2|||||2|0|2|0|1
2025|Final Stage|23791|1960770|2026-01-10T16:00Z|6|FT|966|Algeria|977|Nigeria|0|2|||||5|0|3|0|1
2025|Final Stage|23791|1960779|2026-01-10T19:00Z|6|FT|944|Egypt|973|Ivory Coast|3|2|||||2|0|0|0|1
2025|Final Stage|23791|1961896|2026-01-14T20:00Z|6|PEN|977|Nigeria|495|Morocco|0|0|0|0|2|4|2|0|0|0|0
2025|Final Stage|23791|1961897|2026-01-14T17:00Z|6|FT|957|Senegal|944|Egypt|1|0|||||2|0|1|0|1
2025|Final Stage|23791|1963376|2026-01-18T19:00Z|6|AET|957|Senegal|495|Morocco|1|0|1||||5|0|2|0|1
2025|Final Stage|23791|1963377|2026-01-17T16:00Z|6|PEN|944|Egypt|977|Nigeria|0|0|0|0|2|4|0|0|3|0|0
2025|Grp. A|23785|1887332|2025-12-21T19:00Z|6|FT|495|Morocco|9719|Comoros|2|0|||||3|0|1|0|1
2025|Grp. A|23785|1887333|2025-12-22T14:00Z|6|FT|1469|Mali|961|Zambia|1|1|||||1|0|1|0|1
2025|Grp. A|23785|1887334|2025-12-26T20:00Z|6|FT|495|Morocco|1469|Mali|1|1|||||1|0|8|0|1
2025|Grp. A|23785|1887335|2025-12-26T17:30Z|6|FT|961|Zambia|9719|Comoros|0|0|||||2|0|0|0|0
2025|Grp. A|23785|1887336|2025-12-29T19:00Z|6|FT|961|Zambia|495|Morocco|0|3|||||4|1|1|0|1
2025|Grp. A|23785|1887337|2025-12-29T19:00Z|6|FT|9719|Comoros|1469|Mali|0|0|||||3|0|1|1|1
2025|Grp. B|23786|1887338|2025-12-22T17:00Z|6|FT|485|South Africa|978|Angola|2|1|||||2|0|2|0|1
2025|Grp. B|23786|1887339|2025-12-26T15:00Z|6|FT|944|Egypt|485|South Africa|1|0|||||1|1|3|0|1
2025|Grp. B|23786|1887340|2025-12-22T20:00Z|6|FT|944|Egypt|956|Zimbabwe|2|1|||||2|0|2|0|1
2025|Grp. B|23786|1887341|2025-12-26T12:30Z|6|FT|978|Angola|956|Zimbabwe|1|1|||||3|0|4|0|1
2025|Grp. B|23786|1887342|2025-12-29T16:00Z|6|FT|978|Angola|944|Egypt|0|0|||||1|0|2|0|0
2025|Grp. B|23786|1887343|2025-12-29T16:00Z|6|FT|956|Zimbabwe|485|South Africa|2|3|||||1|0|1|0|1
2025|Grp. C|23787|1887344|2025-12-23T17:30Z|6|FT|977|Nigeria|3768|Tanzania|2|1|||||1|0|0|0|1
2025|Grp. C|23787|1887345|2025-12-23T20:00Z|6|FT|959|Tunisia|2558|Uganda|3|1|||||1|0|2|0|1
2025|Grp. C|23787|1887346|2025-12-27T20:00Z|6|FT|977|Nigeria|959|Tunisia|3|2|||||3|0|0|0|1
2025|Grp. C|23787|1887347|2025-12-27T17:30Z|6|FT|2558|Uganda|3768|Tanzania|1|1|||||3|0|2|0|1
2025|Grp. C|23787|1887348|2025-12-30T16:00Z|6|FT|2558|Uganda|977|Nigeria|1|3|||||1|1|2|0|1
2025|Grp. C|23787|1887349|2025-12-30T16:00Z|6|FT|3768|Tanzania|959|Tunisia|1|1|||||3|0|1|0|1
2025|Grp. D|23788|1887350|2025-12-23T15:00Z|6|FT|957|Senegal|2557|Botswana|3|0|||||1|0|2|0|1
2025|Grp. D|23788|1887351|2025-12-23T12:30Z|6|FT|960|DR Congo|2347|Benin|1|0|||||3|0|3|0|1
2025|Grp. D|23788|1887352|2025-12-27T15:00Z|6|FT|957|Senegal|960|DR Congo|1|1|||||1|0|0|0|1
2025|Grp. D|23788|1887353|2025-12-27T12:30Z|6|FT|2347|Benin|2557|Botswana|1|0|||||2|0|2|0|1
2025|Grp. D|23788|1887354|2025-12-30T19:00Z|6|FT|2347|Benin|957|Senegal|0|3|||||4|0|1|1|1
2025|Grp. D|23788|1887355|2025-12-30T19:00Z|6|FT|2557|Botswana|960|DR Congo|0|3|||||0|0|0|0|1
2025|Grp. E|23789|1887356|2025-12-24T15:00Z|6|FT|966|Algeria|964|Sudan|3|0|||||0|0|2|1|1
2025|Grp. E|23789|1887357|2025-12-24T12:30Z|6|FT|955|Burkina Faso|5449|Equatorial Guinea|2|1|||||1|0|1|1|1
2025|Grp. E|23789|1887358|2025-12-28T17:30Z|6|FT|966|Algeria|955|Burkina Faso|1|0|||||2|0|3|0|1
2025|Grp. E|23789|1887359|2025-12-28T15:00Z|6|FT|5449|Equatorial Guinea|964|Sudan|0|1|||||3|0|3|0|1
2025|Grp. E|23789|1887360|2025-12-31T16:00Z|6|FT|5449|Equatorial Guinea|966|Algeria|1|3|||||4|0|1|0|1
2025|Grp. E|23789|1887361|2025-12-31T16:00Z|6|FT|964|Sudan|955|Burkina Faso|0|2|||||0|0|2|0|1
2025|Grp. F|23790|1887362|2025-12-24T17:30Z|6|FT|973|Ivory Coast|3461|Mozambique|1|0|||||1|0|2|0|1
2025|Grp. F|23790|1887363|2025-12-24T20:00Z|6|FT|863|Cameroon|2556|Gabon|1|0|||||2|0|1|0|1
2025|Grp. F|23790|1887364|2025-12-28T20:00Z|6|FT|973|Ivory Coast|863|Cameroon|1|1|||||2|0|2|0|1
2025|Grp. F|23790|1887365|2025-12-28T12:30Z|6|FT|2556|Gabon|3461|Mozambique|2|3|||||2|0|2|0|1
2025|Grp. F|23790|1887366|2025-12-31T19:00Z|6|FT|2556|Gabon|973|Ivory Coast|2|3|||||2|0|1|0|1
2025|Grp. F|23790|1887367|2025-12-31T19:00Z|6|FT|3461|Mozambique|863|Cameroon|1|2|||||0|0|3|0|1